rmse,nrmse,r2,mae,pred_time,train_time,relative_error
0.00043059855773784633,0.006319031,-20049.3515625,0.00038340705214068294,0.11607789993286133,60.11738610267639,0.0092315255
