rmse,nrmse,r2,mae,pred_time,train_time,relative_error
0.006697021830890682,0.0037016661,-24783328.0,0.005282608326524496,0.1239171028137207,77.9518175125122,0.12719259
