rmse,nrmse,r2,mae,pred_time,train_time,relative_error
0.034658294657728496,0.0024371152,-435338592.0,0.028022609651088715,0.12176084518432617,72.68141293525696,0.6747175
