rmse,nrmse,r2,mae,relative_error
0.20546480348256627,0.0,-37.23924380957507,0.17480677139453785,0.6762626697603722
