rmse,nrmse,r2,mae,pred_time,train_time,relative_error
0.019973050360789273,0.0021174753,-44754220.0,0.015733756124973297,0.11806988716125488,76.5994164943695,0.10257719
