rmse,nrmse,r2,mae,pred_time,train_time,relative_error
0.0015601695744206004,0.0007152023,-27728.68359375,0.0013621073449030519,0.12081599235534668,76.08124494552612,0.008880342
