rmse,nrmse,r2,mae,pred_time,train_time,relative_error
0.3108557358783048,0.030533208,-12548504576.0,0.24723348021507263,0.12148785591125488,72.55580282211304,1.6118538
