rmse,nrmse,r2,mae,relative_error
0.06846751143893297,0.0,-3.3482780135228976,0.05816036117571295,0.3792375673945795
