rmse,nrmse,r2,mae,pred_time,train_time,relative_error
0.015996742747722004,0.0012930281,-8503.0576171875,0.011301174759864807,0.0010118484497070312,69.41797375679016,0.029843194
