rmse,nrmse,r2,mae,pred_time,train_time,relative_error
0.022538465958077444,0.0011065531,-93997.9453125,0.01710294745862484,0.11354923248291016,75.46989059448242,0.04516403
