rmse,nrmse,r2,mae,pred_time,train_time,relative_error
0.004570773662259604,0.0017029926,-10866.2685546875,0.003322983393445611,0.12125873565673828,79.94875431060791,0.008775056
