rmse,nrmse,r2,mae,pred_time,train_time,relative_error
0.5532718108006798,0.038096532,-841872448.0,0.43554529547691345,0.12484049797058105,71.91530060768127,1.1501515
