rmse,nrmse,r2,mae,relative_error
0.010629237967213585,0.0,-0.5806080249598955,0.008337246299525243,0.20044392887494336
