rmse,nrmse,r2,mae,pred_time,train_time,relative_error
0.020208625107612677,0.0022857075,-13082857.0,0.015206944197416306,0.11748313903808594,75.83800721168518,0.076328464
