rmse,nrmse,r2,mae,pred_time,train_time,relative_error
0.2415937559675266,0.0069770426,-2128982272.0,0.19055187702178955,0.12257528305053711,72.57227921485901,0.9564402
