rmse,nrmse,r2,mae,pred_time,train_time,relative_error
0.0033975787561931602,0.002225268,-120471.1328125,0.0029981499537825584,0.11560606956481934,76.66521120071411,0.015048663
