rmse,nrmse,r2,mae,pred_time,train_time,relative_error
0.0033975787561931602,0.002225268,-120471.1328125,0.0029981499537825584,0.22761130332946777,76.40209436416626,0.015048663
