rmse,nrmse,r2,mae,relative_error
0.1352517385090901,0.0,-3.6659943488773465,0.11322482263238397,0.5683699279941778
