rmse,nrmse,r2,mae,relative_error
0.13531248335798515,0.0,-3.6738680689424825,0.11327840062121725,0.5684291315577988
