rmse,nrmse,r2,mae,relative_error
0.007548225569298506,0.0,-1.0540789975060103,0.005749386643150602,0.17906409376001814
