rmse,nrmse,r2,mae,relative_error
0.2522854389854879,0.0,-5.6233647114585175,0.20666192967500074,0.5459500988801527
