rmse,nrmse,r2,mae,pred_time,train_time,relative_error
0.00023677548081986233,0.027334068,-216692.515625,0.00018000155978370458,0.11263608932495117,75.4341971874237,0.0056091365
