rmse,nrmse,r2,mae,pred_time,train_time,relative_error
0.04677515522529947,0.0009281498,-1421634432.0,0.03837280720472336,0.11831879615783691,72.54419445991516,1.195758
