rmse,nrmse,r2,mae,pred_time,train_time,relative_error
0.004335955976058068,0.0036211845,-391475776.0,0.0033712347503751516,0.11939597129821777,76.02976775169373,0.10505307
