rmse,nrmse,r2,mae,pred_time,train_time,relative_error
0.9788500733936268,0.27684346,-10595492864.0,0.8672412037849426,0.11843657493591309,70.8465166091919,3.3551867
