rmse,nrmse,r2,mae,pred_time,train_time,relative_error
0.0031822764419866313,0.0037232337,-7480.787109375,0.0024910804349929094,0.1215972900390625,75.63624024391174,0.009637503
