rmse,nrmse,r2,mae,pred_time,train_time,relative_error
0.04253543936412491,0.012092934,-10937106.0,0.037218254059553146,0.11687421798706055,76.2596526145935,0.14399014
